我和,30
父辈,30
口碑,30
吴京,11
"视频
",10
章子怡,9
沈腾,9
徐峥,8
电影,7
诗,7
感动,6
微博,6
四个,6
故事,6
篇章,5
单元,5
祖国,5
微,5
博,5
观众,4
执导,4
国庆,4
导演,4
结尾,4
乘风,4
首波,3
带给,3
生命,3
是用来,3
燃烧,3
影片,3
的人,3
今日,3
哭,3
解释,3
找,3
吴磊,3
演,3
儿子,3
感受,3
笑点,3
真的,3
都是,3
看了,3
不错,3
一段,3
来啦,2
四大,2
印象,2
最深,2
台词,2
里,2
东西,2
科研人员,2
的发展,2
牺牲自己,2
家庭,2
令人,2
很感动,2
偏爱,2
和马丽,2
提前,2
评价,2
这部电影,2
中国电影,2
报道的,2
中国,2
公映,2
片头曲,2
给我,2
星辰,2
MV,2
雷佳,2
演唱,2
这也是,2
继,2
再度,2
献唱,2
三部曲,2
系列,2
曲目,2
全国,2
期待,2
看完,2
艾伦,2
昨天晚上,2
小伙伴,2
去看,2
太好,2
"新郑市
",2
马背,2
摔下,2
起身,2
却说,2
这话,2
跟他,2
拍戏,2
弟弟,2
秒,2
变,2
硬汉,2
组,2
内卷,2
看好,2
剧的,2
轻松,2
惊喜,2
三个,2
不高,2
两个,2
笑不起来,2
苦涩,2
前,2
雀,2
实,2
"牡丹
",2
还好,2
一看,2
开头,2
就能,2
猜出,2
和我,2
室友,2
就像,2
编剧,2
永远,2
判断,2
出下,2
故事会,2
发展到,2
"一步
",2
确实,2
少年行,2
鸭,2
先知,2
情感,2
父亲,2
昨天,2
点映,2
娱乐新闻,1
发布,1
新浪,1
四位,1
合照,1
做,1
姿势,1
全员,1
跟着,1
钢铁,1
直,1
男,1
逃不过,1
吐槽,1
八卦,1
周刊,1
有多,1
燃,1
师父,1
夸,1
新片,1
战狼,1
带劲,1
说得,1
我已经,1
狠狠,1
综艺,1
污妖王,1
评论,1
只看,1
杭州,1
米市,1
"社区
",1
 ,1
正式发布,1
曲,1
倾情,1
柔美,1
的歌词,1
搭配,1
婉转,1
旋律,1
流淌,1
进,1
每个人,1
心中,1
一句,1
这份,1
爱,1
深,1
我用,1
一生,1
牵绊,1
柔情,1
唱腔,1
父母,1
儿女,1
小家,1
之爱,1
动情,1
诉说,1
眼中,1
接过,1
交给,1
每一个,1
新的,1
青春,1
更是,1
时代,1
使命,1
比喻为,1
个体,1
大国,1
相连接,1
揭示了,1
描绘,1
几代人,1
之间,1
奉献,1
传承,1
生生不息,1
献映,1
展示,1
磁性,1
嗓音,1
感谢,1
腾哥,1
麻花,1
众,1
兄弟,1
选择了,1
哈哈哈,1
我朋友,1
逗,1
B,1
君,1
苦,1
有难,1
就有,1
招,1
喜欢,1
原因,1
杀死,1
烂片,1
四种,1
泪点,1
很有,1
意义,1
一部作品,1
"会去
",1
观影,1
结束,1
好评,1
自导自演,1
欢乐,1
也有,1
"去看
",1
长津湖,1
上映,1
档,1
你会,1
先看,1
哪一部,1
网页,1
"链接
",1
最喜欢,1
场景,1
好看,1
女生,1
服化,1
道,1
都很好,1
戳,1
冬冬,1
妈妈,1
发现,1
干嘛,1
责怪,1
支持,1
宋佳,1
倪虹洁,1
张雨,1
绮,1
好漂亮,1
张艺谋,1
真的很,1
也都,1
很棒,1
👍,1
🏻,1
拍,1
画面,1
震撼,1
大掌柜,1
单独,1
跑到,1
团长,1
面前,1
哭死了,1
小孩,1
到我,1
点,1
细腻,1
让我,1
到了,1
早期,1
航天,1
研究人员,1
是多么,1
危险,1
辛苦,1
有好多,1
熟悉,1
面孔,1
马丽小斐,1
辣目,1
洋子,1
和他,1
大部分,1
核心,1
一如既往,1
的是,1
喜剧,1
夹杂着,1
大道理,1
拍摄,1
感觉,1
用心,1
回到,1
2025,1
相认,1
触动,1
与以往,1
家乡,1
我国,1
庆,1
必看,1
希望,1
有一部,1
优秀,1
出色,1
"作品
",1
下午,1
就去,1
是我的,1
座位,1
"邯郸
",1
主演的,1
泪水,1
欢笑,1
都为,1
带来了,1
"细细品味
",1
首映,1
神仙,1
阵容,1
速速,1
"安排
",1
作品,1
肯定,1
没问题,1
"龚毅星
",1
那我,1
也来,1
repo,1
一下吧,1
第三年,1
主旋律,1
剧,1
形式,1
接档,1
新鲜感,1
没有了,1
期待值,1
更高,1
在这一,1
前提下,1
我觉得,1
八分,1
生活,1
太累了,1
偏好,1
无厘头,1
剧本,1
扯,1
影,1
厅里,1
笑声,1
足够了,1
同理,1
这段,1
拍在,1
尬,1
点上,1
是典型,1
女性,1
叙事,1
风格,1
没什么,1
情节,1
走,1
路线,1
有一批,1
吃,1
一套,1
是唯一,1
重点,1
放在,1
身上,1
高光,1
神剧,1
味道,1
我这,1
只能,1
是一部,1
及格线,1
"战争片
",1
"明天
",1
小时,1
时长,1
值得一看,1
片段,1
时间,1
线,1
发展,1
抗日战争,1
未来,1
2050,1
人工智能,1
骑马打仗,1
讲述,1
年代,1
孩子的,1
90,1
我对,1
最有,1
共鸣,1
表白,1
子怡,1
姐,1
的诗,1
电影院,1
"稀里哗啦
",1
场,1
比较喜欢,1
一篇,1
有种,1
悲,1
我愿,1
称为,1
红旗,1
广告片,1
记得,1
"电动汽车
",1
夸好,1
说不好,1
仿佛,1
看得,1
既视感,1
