香港,29
街头,29
挂,29
国旗,29
迎国庆,26
国庆,6
🇨,5
节日,4
气氛,4
祖国,4
中国红,3
中国人,3
母亲,3
"🇳
",3
"迎国庆
",3
都是,3
五星红旗,2
将至,2
大街小巷,2
悄然,2
披上,2
紫荆花,2
旗,2
交相辉映,2
欢乐祥和,2
尽在,2
元朗,2
记者,2
祝,2
生日快乐,2
网页,2
明天,2
🇳,2
最美,2
微博,2
"视频
",2
内地,2
的是,2
氛围,2
10,2
前,2
　,2
颜色,2
"中国红
",2
一国两制,2
的意义,2
中国,2
通关,2
香港市民,1
飘扬,1
在香港,1
道路,1
两旁,1
迎风飘扬,1
1600,1
面,1
市民,1
自发,1
组织,1
悬挂,1
沿街,1
灯柱,1
之上,1
我们应该,1
尊重,1
代表,1
象征,1
强大,1
才有,1
幸福,1
生活,1
范,1
思忆,1
梁源,1
罗嗣昱,1
中新,1
视频,1
"微博
",1
🎂,1
❤,1
️,1
"链接
",1
国庆节,1
感受一下,1
五星紅旗,1
迎風,1
飄揚,1
這,1
中國,1
紅,1
祖國,1
生日快樂,1
胡迪,1
警長,1
"更好
",1
减少,1
内耗,1
共同发展,1
对外,1
护好,1
狗窝,1
理想,1
"状态
",1
至少,1
南京,1
好像,1
以往,1
路灯,1
上挂,1
比较多,1
红灯笼,1
结,1
浓烈,1
江宁,1
马路上,1
灯笼,1
"婆婆
",1
七天,1
打算,1
睡过去,1
爸妈,1
理解,1
晚上,1
点,1
一觉,1
睡到,1
第二天,1
中午,1
12,1
醒,1
睡眼惺忪,1
神志不清,1
但我,1
😅,1
湾湾,1
也得,1
"挂上
",1
超级,1
"浓厚
",1
戴,1
"头上
",1
居民,1
赴,1
商务,1
签注,1
在广东,1
试行,1
恢复,1
办理,1
29,1
中华人民共和国,1
出入境,1
管理局,1
获悉,1
11,1
日起,1
广东省,1
企业,1
机构,1
工作人员,1
个体工商户,1
经营者,1
商务活动,1
可向,1
公安机关,1
出入境管理,1
部门,1
申请,1
疫情,1
高风险,1
地区,1
14,1
天内,1
旅居,1
史,1
人员,1
持,1
应,1
来港,1
易,1
计划,1
前往,1
自觉,1
严格遵守,1
相关,1
主管部门,1
防疫,1
管理,1
来源,1
新华社,1
客户端,1
心中,1
骄傲,1
"信仰
",1
有生之年,1
希望,1
可以看到,1
"收复台湾
",1
昨天,1
同事,1
发来,1
利,1
东街,1
很巧,1
我现在,1
只想,1
台湾,1
青天白日,1
换了,1
惯,1
"臭毛病
",1
百人,1
展,1
巨型,1
何君尧,1
KOL,1
祝愿,1
庆祝,1
新中国成立,1
72,1
周年,1
中国共产党成立,1
100,1
市面,1
浓厚,1
社区,1
应急,1
辅助,1
队,1
举办,1
庆典,1
大型,1
展示,1
活动,1
新界,1
惇,1
裕,1
学校,1
草地,1
足球场,1
30,1
米,1
乘以,1
20,1
超巨型,1
位,1
义工,1
队员,1
展开,1
覆盖,1
半个,1
现场,1
50,1
幼稚园,1
学生,1
小龙,1
打鼓,1
精彩表演,1
适逢,1
完善,1
选举制度,1
成功举办,1
首场,1
选举,1
立法会,1
议员,1
一众,1
建设,1
力量,1
有一些,1
美好,1
链接,1
大公,1
文匯,1
網,1
信念,1
"生日快乐
",1
这不是,1
是多么,1
军阀割据,1
拼,1
你死我活,1
诚服,1
崇尚,1
和平,1
来之不易,1
不想,1
轻易,1
打仗,1
死,1
外国人,1
有机可乘,1
你不喜欢,1
共产主义,1
让你,1
实行,1
资本主义,1
大家都,1
是中国人,1
和平相处,1
安稳,1
幸福生活,1
不好,1
其他国家,1
革命,1
下场,1
非要,1
作死,1
汉奸,1
"台湾
",1
发挥,1
制度,1
优势,1
美好生活,1
"向往
",1
有的人,1
接,1
不接受,1
事实,1
武汉,1
高架,1
小区,1
单元,1
门上,1
挂着,1
国人,1
仪式,1
感,1
˃,1
̶,1
̤,1
́,1
꒳,1
˂,1
"̀
",1
普天同庆,1
时刻,1
"即将到来
",1
都有,1
一个家,1
名字叫,1
YYDS,1
"深圳
",1
什么时候,1
好久没,1
"买买买
",1
开盘,1
最想说,1
我爱你,1
有一天,1
首歌,1
变老,1
就像,1
老幺,1
树上,1
枝芽,1
可我,1
还会,1
一遍,1
遍,1
歌唱,1
生命,1
希望你,1
知道你,1
对我,1
何时何地,1
就像我,1
熟悉,1
地点,1
明天会更好,1
600,1
天,1
封关,1
快快,1
