英孚,22
英语,6
教育,4
课程,4
老师,3
"英孚
",3
发音,2
就来,2
给我,2
华尔街,2
家长,2
10,2
宝妈,2
机构,2
️,2
外教,2
上课,2
少儿英语,2
整理,2
投诉,2
微博,2
"视频
",2
线上,2
好好,1
听,1
说话,1
也太,1
温柔,1
一班,1
神仙,1
"同学
",1
烦人,1
培训,1
留,1
这么多,1
作业,1
干啥啊,1
一口气,1
写了,1
三个,1
多小时,1
"上海
",1
事实证明,1
教育机构,1
销售,1
都还没,1
整明白,1
PUA,1
客户,1
知道自己,1
说啥,1
不想,1
反驳,1
没意思,1
吐了,1
yoyo,1
她在,1
的小,1
粘贴,1
换了,1
钥匙链,1
明天又是,1
新的,1
一周,1
"小学生
",1
新校区,1
连夜,1
加急,1
荃,1
芬,1
长效,1
"除甲醛
",1
我笑了,1
赶紧,1
去把,1
200,1
定金,1
退了,1
感觉,1
"不妙
",1
儿子,1
暑期班,1
毕业,1
✌,1
"️
",1
summer,1
party,1
一波,1
照片,1
出来了,1
谢谢,1
摄影,1
大哥,1
拍人,1
"太不容易
",1
帮,1
选课,1
年头,1
发现,1
偏,1
有好多,1
误区,1
❗,1
vipkid,1
固定,1
实则,1
都靠,1
抢,1
鲸鱼,1
培优,1
reach,1
教材,1
比自,1
研,1
水平,1
孩子,1
听不懂,1
别谈,1
提升,1
贝达,1
欧美,1
原版,1
都好,1
东欧,1
口音,1
在所难免,1
未,1
定性,1
会有,1
影响,1
51,1
talk,1
热门,1
越,1
选错,1
一份,1
须知,1
做个,1
写,1
太多了,1
不确定,1
适合,1
可以再,1
s,1
发问,1
"瑞思
",1
KEEP,1
GOING,1
两天,1
打了,1
十多个,1
骚扰电话,1
垃圾,1
"营销
",1
12315,1
消费者,1
维权,1
中国消费者,1
报,1
315,1
曝光,1
台,1
骗人,1
不要在,1
购买,1
她们的,1
客服,1
你买,1
课的,1
都说,1
好听,1
交钱,1
一回事,1
特别,1
礼貌,1
语气,1
"恶劣
",1
这就是,1
招生,1
方式,1
我就,1
填个,1
表,1
说了,1
时候我,1
有事,1
就没,1
你给我,1
申不,1
申请,1
东西,1
你就,1
电话,1
轰炸,1
真棒,1
"长沙
",1
吃,1
相,1
难看,1
续费,1
课时,1
结束,1
移出,1
群聊,1
"威海
",1
参加,1
领读,1
活动,1
crystal,1
雪恋,1
有没有人,1
想要,1
学英语,1
还剩,1
好几个,1
课,1
卖卖,1
"卖
",1
做,1
测评,1
这么久,1
都有,1
让我,1
相关,1
线下,1
原因,1
地区,1
校区,1
之间,1
差异性,1
太大了,1
没办法,1
只言片语,1
概括,1
情况,1
呼声,1
这么重,1
简单,1
这家,1
老牌,1
内容,1
⬇,1
看过,1
有什么,1
线,1
上线,1
搭配,1
选择,1
可以随时,1
Harriet,1
求救,1
我帮,1
分析,1
品牌,1
代言人,1
"胡歌
",1
海底总动员,1
累,1
"惨
",1
英语课,1
底价,1
"转
",1
监督,1
部门,1
公示,1
近期,1
培训机构,1
消费,1
桔子,1
树,1
遭,1
点名,1
包括,1
优胜,1
在内,1
家,1
次,1
分公司,1
加盟店,1
投诉量,1
47,1
解决,1
率,1
15,1
30,1
钢琴,1
梦想家,1
40,1
"75
",1
有没有,1
上过,1
美联,1
口语,1
集美,1
给点,1
参考,1
意见,1
想报,1
班,1
不知道怎么,1
选,1
"英语口语
",1
记录,1
生活,1
点滴,1
无锡,1
钱,1
拾,1
柒,1
EF,1
日常,1
缩影,1
成都,1
"高新区
",1
1.,1
早了,1
教室,1
空空,1
今日,1
EEA,1
图,1
同学,1
叫去,1
俩人,1
对话,1
尬,1
2.,1
朋友们,1
晚上,1
喝酒,1
早上,1
不吃,1
头孢,1
相信我,1
感冒,1
忍,1
一会,1
想想,1
烧烤,1
酒,1
少,1
吃了,1
几串,1
肉,1
3.,1
五星,1
好评,1
拿呀,1
服务业,1
不好,1
干,1
朋友,1
点,1
外卖,1
备注,1
有感,1
麦,1
家小,1
馆,1
啥时候,1
好呀,1
身体,1
不舒服,1
人就,1
很丧,1
丧到,1
冒泡,1
北京,1
