女性,264
三胎,166
生,142
生孩子,101
工作,98
国家,98
生育,90
企业,90
鼓励,84
孩子,76
辞退,74
员工,70
政策,66
职场,62
女人,58
孕妇,56
结婚,50
上班,48
保障,44
真的,44
女职工,42
独立,42
都是,42
社会,42
孕期,40
这还,40
开放,40
权益,38
老板,36
"三胎
",36
提倡,34
歧视,34
单位,32
工资,32
妇女,30
男,30
二胎,30
劳动法,30
尊重,28
保护,28
做,28
男性,28
在职,28
期间,26
家庭,26
希望,26
想,26
新闻,26
怀孕的,26
人员,24
情况,24
怀孕了,24
哺乳期,24
娃,24
难,24
这就是,24
外编,22
太,22
也不,22
时间,22
原因,22
谁还敢,22
建议,22
就会,22
不生,22
感觉,20
"生
",20
恐婚,20
解决,20
经济,20
休产假,20
找工作,20
又要,20
想要,20
"生孩子
",19
合法权益,18
微博,18
"视频
",18
专家,18
太难,18
生二胎,18
女生,18
努力,18
一胎,18
自己的,18
现实,18
成本,18
场,18
权利,18
不想,18
天天,18
女士,16
哺乳,16
劳动者,16
↓,16
就业,16
岁,16
妈妈,16
相关,16
受,16
事情,16
用人单位,16
热,16
谁敢,16
照顾,16
河南郑州,14
次,14
不给,14
安排,14
产期,14
要知道,14
转发,14
的人,14
钱,14
永远,14
的是,14
违法,14
不婚,14
不育,14
反正,14
生完,14
事业,14
干活,14
回家,14
入职,14
劳动合同,14
开除,14
享有,14
人生,14
法律,14
男人,14
落实,14
休假,14
先,14
养孩子,14
响应,14
压力,14
招,14
环境,14
离职,14
劳动,14
近日,12
许,12
告诉,12
却要,12
条,12
情形,12
福利,12
保证,12
年轻人,12
岗位,12
身体,12
利益,12
医院,12
担心,12
一年,12
天,12
职工,12
催生,12
说你,12
给你,12
法律保护,12
临时工,12
产检,12
假,12
也会,12
违反,12
收入,12
本来,12
很难,12
维权,12
事,12
人事,12
有人,12
都不,12
这公司,12
里,12
挺,12
搜,12
全,12
一定要,12
生育率,12
付出,12
几天,12
生了,12
胎,12
也有,12
失业,12
无语,12
都会,12
补贴,12
支持,12
男女,12
还想,12
面试,12
七个,10
半月,10
跑,10
你一定,10
你知道,10
机会,10
延长,10
屁,10
资本家,10
不好,10
在家,10
老公,10
老婆,10
婆婆,10
顾家,10
父母,10
北京,10
走,10
也能,10
还会,10
越来越,10
女人真,10
不愿意,10
好好,10
孕妈,10
承担,10
没人,10
放开,10
理由,10
请,10
婚假,10
正式,10
什么时候,10
媒体,10
孩,10
这也是,10
讲,10
辞职,10
影响,10
不公平,10
待遇,10
发生,10
只能,10
丢,10
招聘,10
领导,10
郑州,10
都没,10
到了,10
家里,10
部门,10
少,10
问,10
开,10
麻烦,10
现象,10
变相,10
未来,10
类似,10
"权益
",10
博,10
生娃,10
负担,10
我觉得,10
子宫,10
假期,10
小莉,8
调解,8
法律常识,8
权益保护法,8
27,8
放,8
的钱,8
996,8
陪,8
提出,8
恐生,8
采用,8
侵犯,8
身边,8
已婚,8
角度,8
维护,8
宝宝,8
时刻,8
陪伴,8
一个月,8
五险,8
网友,8
点,8
矛盾,8
还得,8
生存,8
交,8
生育保险,8
还给,8
你就,8
性别歧视,8
更多,8
个月,8
找,8
临时,8
早,8
家人,8
又是,8
选择,8
她们的,8
一句,8
放假,8
耽误,8
没了,8
确实,8
产后,8
回去,8
这时候,8
留,8
事儿,8
社保,8
tm,8
带来,8
减轻,8
告,8
只会,8
图,8
还生,8
恶心,8
特别,8
困难,8
就有,8
损失,8
休,8
孩子的,8
换来,8
不到,8
三期,8
证明,8
前,8
站,8
催,8
大家都,8
不该,8
降低,8
两次,8
就该,8
这是,8
丈夫,8
超人,8
"公平
",8
这家,8
就不,8
津贴,8
合同,8
微,8
又不给,8
帮,8
给她,8
回来,8
经理,6
V,6
扩散,6
"收藏
",6
世界,6
赚钱,6
发,6
一块,6
劳动仲裁,6
"没妈
",6
国家鼓励,6
社会地位,6
改变,6
情绪,6
正当权益,6
不应,6
法规,6
导致,6
区别,6
不解决,6
事业单位,6
他们的,6
制度,6
"政策
",6
真的很难,6
就让,6
不干,6
母乳,6
隔代,6
婚姻法,6
貌美如花,6
儿媳,6
孝顺,6
济南,6
一金,6
今日,6
限电,6
100,6
科技,6
财经,6
冷静,6
视频,6
"现实
",6
好笑,6
宣传,6
别提,6
买单,6
后果,6
这才是,6
真实,6
15,6
"↓
",6
网页,6
"链接
",6
签,6
🤰,6
笑死,6
好像,6
全国,6
还能,6
借口,6
辛苦,6
矫情,6
怀孕后,6
轻松,6
为难,6
做到了,6
安全感,6
大于,6
"工作
",6
生气,6
唱反调,6
资本,6
完善,6
一系列,6
那就,6
社会保险,6
就可以,6
平衡,6
吃,6
本来就,6
这句话,6
三个月,6
几年,6
都有,6
完,6
拿什么,6
教育,6
都要,6
夜班,6
算是,6
发现,6
攻击,6
能不能,6
看图,6
月份,6
不存在,6
婚育,6
年龄,6
这都,6
成,6
"发抖
",6
笑,6
"违法
",6
低,6
号召,6
条件,6
这不是,6
这位,6
生子,6
爱生,6
普法,6
开学,6
"季
",6
30,6
带孩子,6
出轨,6
....,6
想让,6
责任,6
加薪,6
办法,6
最多,6
活该,6
感情,6
很不,6
备孕,6
支付,6
也要,6
依法,6
提供,6
义务,6
用工,6
代价,6
普通人,6
更好,6
兼顾,6
焦虑,6
起码,6
要孩子,6
同事,6
加班,6
哈哈哈,6
让人,6
几个,6
增加,6
不均,6
予以,6
看了,6
接受,6
调休,6
讨论,6
未婚,6
编外,6
体制,6
就算了,6
再来,6
就得,6
不友好,6
"行啊
",6
那么多,6
还在,6
"新闻
",6
"去吧
",6
够,6
怀孕期间,6
赶紧,6
年纪,6
得不到,6
应有的,6
第一,6
大部分,6
骂了,6
关系,6
面临,6
"解决
",6
这方面,6
"歧视
",6
恐育,6
没妈,6
情况下,6
编外人员,6
对象,6
一点,6
网上,6
新知,6
"博主
",6
补偿,6
干脆,6
总,6
女同事,6
知晓,6
提前,6
"人民日报
",6
就知道,6
太大,6
有些公司,6
相关部门,6
都不敢,6
在公司,6
你说,6
提了,6
帮忙,4
记者,4
工作人员,4
没有人知道,4
销售,4
上有,4
身份,4
有能力,4
而不是,4
排除,4
厉害,4
在社会上,4
拥有,4
凝聚力,4
协商,4
少生优生,4
幸福一生,4
没用,4
没点,4
难以,4
是不可能,4
"有所改善
",4
企业家,4
想出,4
高招,4
外派,4
模式,4
管我,4
"何事
",4
保护的,4
"转发
",4
保不住,4
能干,4
来了,4
两个,4
求职者,4
男子,4
才会,4
就能,4
就开始,4
疼,4
月子,4
六个月,4
"上海
",4
也就,4
公务员,4
社会压力,4
鲁商,4
盛景,4
"家园
",4
这是我,4
目前为止,4
看过,4
最让人,4
😅,4
"发言
",4
休完,4
好家伙,4
一人,4
"三个
",4
21,4
氪,4
星,4
播报,4
26,4
都有哪些,4
大事件,4
Top3,4
大新闻,4
辽宁,4
电力供应,4
缺口,4
增至,4
级别,4
两,4
女孩,4
互联网,4
热点,4
回应,4
人人都,4
iPhone13,4
拍照,4
马赛克,4
需,4
还有哪些,4
要闻,4
地铁,4
23,4
河南,4
老人,4
健康,4
樊振东,4
全运会,4
男单,4
冠军,4
疫情,4
隔离,4
10,4
我国,4
12,4
民警,4
难找,4
了要,4
问你,4
多大,4
防着,4
杭州,4
"新街
",4
对策,4
不停地,4
弄个,4
离婚,4
期,4
是没,4
体察,4
民情,4
只需要,4
数据,4
表面上,4
好看,4
"就可以
",4
要想,4
狠狠,4
罚的,4
不干活,4
在北京,4
希望你,4
不可避免,4
一天天,4
说什么,4
硬件,4
没跟上,4
结局,4
七大姑八大姨,4
保驾护航,4
信,4
发文,4
"就好了
",4
遭受,4
遭遇,4
"保平安
",4
体检,4
策略,4
市场,4
官方,4
屁事,4
青岛,4
新兴,4
"小区
",4
没有什么,4
你让,4
的生,4
"谢谢
",4
也都,4
闹成,4
班,4
都不得,4
法定,4
才说,4
"干嘛了
",4
目的,4
还好,4
真心,4
不能不要,4
繁衍,4
自立自强,4
学会,4
控制情绪,4
足够,4
"赚取
",4
生在,4
网络时代,4
当做,4
材料,4
还没,4
"人理
",4
生三,4
两码事,4
逐利,4
肯定会,4
牺牲,4
提到,4
配套,4
场中,4
贯彻,4
而要,4
综合考虑,4
生得,4
安心,4
"计划
",4
不错了,4
"真的
",4
换了,4
地区,4
有一天,4
跟我,4
我说,4
处于,4
新人,4
常态,4
一两个,4
饭碗,4
医疗,4
花钱,4
普通家庭,4
加,4
哪个人,4
孩子们,4
一大,4
更大,4
做出,4
坐月子,4
回到,4
年轻,4
我都,4
性别,4
对立,4
知识,4
分享,4
地道,4
评论,4
答案,4
数,4
很多人,4
精力,4
吃了,4
太多,4
没学,4
请去,4
"赔钱
",4
"帮忙
",4
这行,4
上到,4
上夜班,4
照常,4
"现象
",4
告知,4
各项,4
符合,4
但是在,4
适合,4
"不批
",4
普遍现象,4
第三胎,4
敢生,4
给他,4
脸,4
一顿,4
检查,4
进,4
福报,4
拼命,4
为啥,4
逼,4
积极响应,4
肚子,4
就把,4
"准
",4
这种做法,4
"结婚
",4
作为一个,4
课堂,4
引,4
关注,4
姐妹们,4
没办法,4
自强,4
找不到,4
要么就是,4
结婚了,4
涨工资,4
对不起,4
领,4
态度,4
十月,4
怀胎,4
催着,4
生产,4
两年,4
养育,4
指望,4
"无解
",4
说着,4
苦涩,4
有很多,4
公平,4
时长,4
错峰,4
搞,4
恶意,4
公婆,4
明,4
真难,4
法院,4
让它,4
吃不了兜着走,4
一百块,4
一分为二,4
真好,4
共患难,4
有福同享,4
贵阳,4
宅,4
"吉
",4
"事业单位
",4
无良,4
缴纳,4
不太,4
那是,4
一边说,4
我同事,4
辞,4
小技巧,4
"害怕
",4
说实话,4
在家里,4
全职太太,4
女孩子,4
一点点,4
解决问题,4
"广州
",4
效益,4
就是在,4
面试时,4
劳务派遣,4
解雇,4
大众,4
整天,4
"合法权益
",4
肉体上,4
痛苦,4
摆在,4
岌岌可危,4
地带,4
几位,4
全职,4
重返,4
聊了,4
聊,4
谨慎,4
坚硬,4
拼搏,4
盛行,4
失去了,4
机会和,4
传统,4
思想,4
加剧,4
艰辛,4
拖累,4
成为了,4
"源泉
",4
没人管,4
节假日,4
生养,4
人多,4
多吧,4
很小,4
换个,4
提,4
去了,4
赚,4
母亲,4
"生了
",4
有钱,4
假定,4
年内,4
"雇佣
",4
自述,4
满满的,4
无奈,4
无助,4
幽默,4
学园,4
招新,4
季,4
涩,4
大师,4
s,4
沈阳,4
广东,4
姑娘,4
男朋友,4
的大,4
一家,4
两天,4
毁了,4
招人,4
最终,4
三个,4
怀,4
重视,4
严惩,4
编内,4
做事,4
现实中,4
更是,4
没啥,4
就说,4
幸好,4
一生,4
东北,4
要给,4
"好点
",4
内有,4
消除,4
偏见,4
潜规则,4
一个好,4
既要,4
"惨了
",4
恢复,4
提高,4
阴间,4
"新星
",4
养着,4
来个,4
打压,4
生存空间,4
从来没有,4
"尊重
",4
讽刺,4
答应,4
人力,4
天数,4
职,4
说话,4
底气,4
一搜,4
才是,4
不用,4
逼着,4
这个问题,4
工作上,4
一种,4
享受,4
还说,4
保住,4
没得,4
谁都,4
倒闭,4
将来,4
"郑州
",4
为了避免,4
"员工
",4
二十,4
来岁,4
是什么时候,4
cnm,4
都是一样,4
没给,4
富的,4
越穷,4
越喜欢,4
温饱线,4
徘徊,4
"要孩子
",4
大病,4
无比,4
庆幸,4
"正常人
",4
设,4
08,4
女作家,4
出书,4
综艺,4
平台,4
yzh,4
大谈,4
papi,4
代表,4
可惜,4
结婚后,4
女拳,4
"周知
",4
尤其是,4
上了,4
可以通过,4
难度,4
压榨,4
更应该,4
申请,4
男女平等,4
平等,4
请问,4
老百姓,4
此类,4
35,4
职业,4
危机,4
政府,4
拿出,4
还需要,4
切实,4
这样吧,4
研究,4
未育,4
操作,4
编,4
闹,4
实在,4
"太多
",4
高,4
合同法,4
法治,4
很大,4
话题,4
我现在,4
两个月,4
"真难
",4
案例,4
外,4
又说,4
不被,4
到期,4
可能会,4
人力资源,4
换,4
基本工资,4
原,4
劳动量,4
女职工劳动保护,4
时间内,4
产前检查,4
所需,4
计入,4
一张,4
长,4
这大,4
给出,4
不愿意啊,4
上有政策,4
"下有对策
",4
保姆,4
傻,4
谢谢,4
也挺,4
每周,4
50,4
批,4
男员工,4
前几天,4
未孕,4
处罚,4
孕,4
三年,4
成家,4
5000,4
奖金,4
措施,4
日常,4
拒绝,4
免费,4
关怀,4
请假,4
气,4
抱歉,4
实际上,4
优惠政策,4
奇了,4
怪了,4
助理,4
想方设法,4
提供方便,4
生怕,4
工作压力,4
过程,4
艰难,4
倒打一耙,4
现场,4
那些事儿,4
知识点,4
年休假,4
没休,4
年假,4
探亲假,4
关乎,4
收藏,4
低效,4
别再,4
的方式,4
足额,4
办公,4
挣,4
不到位,4
签订了,4
违反了,4
反省,4
希望能,4
死活,4
身上,4
合法,4
聘用,4
终止,4
赔偿,4
赔偿金,4
估计,4
完事,4
加大力度,4
普及,4
内对,4
友好,4
私企,4
暗示,4
"离职
",4
这真,4
评说,4
马上会,4
只要你,4
举足轻重,4
"就说
",4
女工,4
结婚生子,4
还没有,4
人会,4
这样的啊,4
靠着,4
为由,4
遵守,4
违法行为,4
放弃,4
呼吁,4
蹲了,4
母则,4
挑,4
有活干,4
"就行
",4
在这个,4
变得,4
骂,4
"消息
",4
来回,2
适合做,2
该公司,2
应得,2
全社会,2
蓝,2
视界,2
风气,2
左,2
苏联,2
理论,2
阶级,2
而无,2
民族,2
段时间,2
这种感觉,2
可能是,2
脱贫,2
事先,2
思路,2
我拿,2
收上来,2
修路,2
修,2
网线,2
基础建设,2
社会福利,2
欧美国家,2
撒,2
高福利,2
工作能力,2
抓住,2
天然,2
在外,2
民族的,2
这几年,2
少数民族,2
高考,2
加分,2
喷得,2
怎么说呢,2
政治,2
错误,2
竖,2
切的,2
困境,2
强,2
举个例子,2
全世界,2
记忆,2
集体,2
意识,2
无敌,2
要学,2
学啊,2
"缺钱
",2
记住,2
无故,2
不幸,2
这种情况,2
可以申请,2
强烈呼吁,2
"懂
",2
"社会新闻
",2
芳龄,2
"永继
",2
劳动力,2
多了,2
也为,2
越来越难,2
"社会保障
",2
锤子,2
了结,2
婚生,2
"屁娃
",2
人想,2
"养孩子
",2
我是一个,2
私营企业主,2
28,2
背景,2
能力,2
看不出,2
你猜我,2
"招
",2
痛,2
身体不适,2
孕吐,2
盆骨,2
水肿,2
便秘,2
受损,2
一身,2
月子病,2
至少,2
这些都是,2
看不到,2
经历,2
体会,2
就业问题,2
一天到晚,2
喊着,2
有用吗,2
在意,2
是从,2
不全是,2
错,2
出台,2
"🥲
",2
"力不从心
",2
劈成,2
世纪,2
还有这么,2
正规,2
"白交
",2
晚间,2
尽最大,2
拉闸,2
一辆车,2
绑定,2
多个,2
手机号,2
停车,2
一小时,2
仅需,2
毛钱,2
自信,2
最美,2
女大学生,2
大方,2
介绍,2
收废品,2
华为,2
轮值,2
董事长,2
为何不,2
造车,2
越要,2
苹果,2
确认,2
bug,2
晒,2
破坏,2
下载,2
爱奇艺,2
客户端,2
起诉,2
破解,2
会员公司,2
获赔,2
禁止,2
携带,2
电动,2
代步,2
工具,2
易,2
火灾,2
保洁,2
捡,2
玉镯,2
失主,2
被迫,2
感谢,2
金,2
要回,2
当事人,2
物业,2
把她,2
和学生,2
可用,2
纸质,2
码,2
智能手机,2
夺得,2
疾控,2
专家认为,2
厦门,2
拖,2
尾期,2
感染,2
源,2
来自于,2
刮到,2
男生,2
车,2
划拳,2
私了,2
缘分,2
超市,2
老板娘,2
晚归,2
留灯,2
亮到,2
凌晨,2
护送,2
胆小,2
成功,2
美国,2
追索,2
件,2
文物,2
艺术品,2
划拨,2
西藏,2
博物馆,2
奶茶,2
换下,2
手中,2
"菜刀
",2
就还,2
"好笑
",2
"点
",2
魔幻,2
但也,2
笑死了,2
"妙
",2
罚,2
深入骨髓,2
"老实
",2
给钱,2
白养,2
识数,2
128,2
你不是,2
妈生,2
娘养,2
你妈,2
就生,2
你没有,2
如果你,2
是这样的,2
千万别,2
推动,2
健全制度,2
都用,2
"身上
",2
"保障
",2
专家建议,2
猥亵,2
干女儿,2
被拘,2
但仍,2
家庭暴力,2
能顶,2
半边天,2
早报,2
代检,2
收费,2
可达,2
数万元,2
资讯,2
十大,2
券商,2
一周,2
第三股,2
风正,2
来临,2
夫妻,2
合伙,2
诈骗,2
亲友,2
3200,2
余万,2
通报,2
江南布衣,2
童装,2
不当,2
图案,2
俞敏洪,2
近况,2
没理由,2
正式工,2
扯,2
"耍流氓
",2
路上,2
"香港
",2
推崇,2
去吧,2
"🤭
",2
"谁还敢
",2
剖宫产,2
最长,2
顺产,2
"短点
",2
婚姻自由,2
自由,2
"倒退
",2
曝光,2
太好了,2
挺轻松的,2
天津,2
护理,2
"最短
",2
留下,2
了过,2
多长时间,2
勤快,2
上进,2
活动,2
"劳累
",2
计划,2
掉,2
"轻松
",2
起到,2
"作用
",2
发达,2
🙏,2
"🏻
",2
这么恶心,2
干不出来,2
怎么说,2
话,2
一条,2
"🐶
",2
"难
",2
人太多了,2
北欧,2
一共,2
容得,2
挑来挑去,2
完蛋,2
几千万,2
不也,2
照样,2
美丽,2
国四,2
亿多,2
超级大国,2
人口红利,2
长久之计,2
有位,2
她刚,2
没敢,2
直线,2
心机,2
没给她,2
好脸色,2
结束后,2
重回,2
工作岗位,2
给了,2
指标,2
摆明,2
逼她,2
离开,2
大闹,2
一场,2
辗转,2
几家,2
几份,2
长大,2
出色,2
终于,2
她也,2
位置,2
和我,2
聊天,2
组里,2
有两个,2
好烦啊,2
总觉得,2
现在是不是,2
体会到,2
当初,2
xx,2
得知,2
时候的,2
心情,2
叹了,2
一口气,2
很多大,2
规章制度,2
看上去是,2
备受,2
命运,2
顶头上司,2
领域,2
就意味着,2
无数次,2
四个月,2
空白,2
区域,2
上手,2
接手,2
随时会,2
团队,2
业绩,2
影响到,2
leader,2
就成了,2
我做,2
但不,2
"媒体
",2
"球子
",2
来生,2
扛,2
"来吧
",2
别说了,2
辛辛苦苦,2
"生下来
",2
完了,2
你在,2
决策,2
"作对
",2
就好了,2
"上到
",2
三十岁,2
已经完成,2
幼儿园,2
优势,2
没想到,2
同志,2
偏爱,2
期望,2
"烟台
",2
会对,2
手段,2
的刚,2
回,2
刚开始,2
不适应,2
找个,2
能干的,2
"顶替
",2
同意,2
我不敢说,2
挑起,2
"女拳
",2
大会,2
表达,2
250,2
选完,2
区,2
好烦,2
舆论,2
"哑巴亏
",2
"儿子
",2
垃圾,2
"几个
",2
夸,2
稍微,2
推脱,2
就怕,2
占便宜,2
特,2
不舒服,2
何来,2
下一代,2
"呵护
",2
超过,2
国,2
看谁,2
"负
",2
"催生
",2
"现状
",2
没必要,2
挺着,2
为的是,2
经济负担,2
无语了,2
不允许,2
累死,2
整,2
破事儿,2
"东营
",2
发了,2
恭喜,2
"屁事
",2
肛,2
"累了
",2
咯,2
"我又不傻
",2
触犯,2
"劳动法
",2
不厚道,2
奇葩,2
年年,2
会让,2
不要小看,2
力量,2
正当权利,2
弱智,2
归来,2
比你,2
想象,2
"效益
",2
孕产,2
期的,2
戳,2
转给,2
"关心
",2
儿孙自有儿孙福,2
儿孙,2
"享福
",2
快逃,2
买房,2
买车,2
高工资,2
大城市,2
打拼,2
奔,2
四十,2
发展,2
出门,2
花销,2
给自己,2
买衣服,2
化妆品,2
想有,2
好工作,2
配做,2
家庭主妇,2
想不,2
"明白
",2
"来生
",2
藐视,2
"矿
",2
都搞,2
四胎,2
五胎,2
再找,2
"甩
",2
想当年,2
因为我,2
涨,2
才知道,2
辞职的,2
地说,2
没想,2
让你,2
觉得自己,2
害得,2
六个,2
"成见
",2
"啧啧啧
",2
嘻嘻,2
社会环境,2
三十,2
人敢,2
"生呐
",2
我忘了,2
目的是,2
请大家,2
养大,2
要发展,2
赶着,2
提高效率,2
种种,2
解决不了,2
多出,2
减负,2
多一点,2
贡献,2
青壮年,2
时期,2
过去了,2
升职,2
无望,2
钱也,2
又去,2
谁呢,2
池,2
XC,2
"ZZ
",2
独立自主,2
资本主义,2
过河拆桥,2
哈哈哈哈哈哈哈,2
想笑,2
死,2
"谁啊
",2
看着,2
不爽,2
干不下去,2
｢,2
ﾟ,2
"ﾍ
",2
生下来,2
默认,2
男姓,2
损伤,2
天下,2
更不,2
不承担,2
负面影响,2
就永远,2
强制,2
育儿,2
改善,2
"性别歧视
",2
催人,2
地位,2
脸色,2
爆的,2
还是算了吧,2
可别,2
"事业
",2
"少见
",2
"真大
",2
我只想说,2
最重要,2
专心,2
"搞
",2
"都没
",2
刚去,2
领证,2
劝,2
优生优育,2
新上任,2
听话,2
任劳任怨,2
事理,2
富裕,2
总会,2
越来越好,2
难处,2
就业难,2
你不,2
专职,2
脱离,2
共同语言,2
你老公,2
不关心,2
叛逆,2
不听话,2
怪你,2
关心,2
总归,2
"你的错
",2
意味着,2
主动,2
"多着呢
",2
"称之为
",2
险,2
具体情况,2
妥妥,2
求存,2
更难,2
结,2
"解开
",2
的的,2
的是什么,2
"幸福
",2
"大谱
",2
分配,2
乡下,2
老师,2
是因为,2
真就,2
"离谱
",2
"黑心
",2
又这样,2
吃人,2
血馒头,2
恐孕,2
准妈妈,2
基础,2
都做,2
哆啦,2
夢,2
"呕了
",2
做法,2
要用,2
法律的,2
武器,2
保护自己,2
效率,2
人工成本,2
换位,2
思考,2
误工,2
理解,2
固定收入,2
便会,2
嫌弃,2
长了,2
自然,2
冷嘲热讽,2
能有,2
副业,2
话语权,2
这是我的,2
🤏,2
强大,2
核心,2
创业者,2
鼓吹,2
遏制,2
蔓延,2
孕假,2
创造,2
加重,2
可恶,2
谈,2
讲究,2
章法,2
你这,2
用工单位,2
劳动保护,2
不可以,2
随意,2
履行,2
口中,2
签订,2
劳务合同,2
那种,2
细,2
权利义务,2
指望着,2
为借口,2
侵犯他人,2
健识,2
局,2
问问,2
你们的,2
情况吗,2
算了吧,2
"你妈
",2
24,2
每家,2
整体,2
就没,2
带她,2
就是因为,2
知,2
法律规定,2
事关,2
轮流,2
都得,2
履行责任,2
"风险
",2
一看,2
丢人,2
CBD,2
"商务区
",2
漂亮,2
快乐,2
地方,2
从小到大,2
责任人,2
"伊伊
",2
住了,2
就可以看,2
我们学校,2
男生宿舍,2
女生宿舍,2
快递,2
也在,2
"旁边
",2
宿舍,2
读,2
了还,2
倒霉,2
住在,2
人间,2
爬梯,2
辅导员,2
就对,2
学校,2
你自己,2
休学,2
潜台词,2
装作,2
晓得,2
那份,2
声明,2
"法律效力
",2
生就,2
"事
",2
能说,2
没几天,2
拍拍,2
屁股,2
跑去,2
薪资,2
甩,2
小企业,2
ok,2
开除了,2
闹事,2
英雄,2
点赞,2
祸害,2
"同事
",2
说白了,2
费用,2
抵扣,2
shui,2
才行,2
钻空子,2
toushui,2
"漏
",2
这下,2
好了,2
"顶风作案
",2
应届毕业生,2
比例,2
免税,2
力度,2
"玫瑰花园
",2
又让,2
没工作,2
这可,2
"整
",2
"勇士
",2
不执行,2
不遵守,2
国家法律,2
"独立
",2
得有,2
病态,2
审批,2
无论何时,2
何事,2
为她,2
是为了,2
emo,2
参与,2
99,2
"普遍现象
",2
空间,2
狭小,2
就挺,2
"绝望
",2
午间,2
乡村,2
教师,2
左手,2
坚守,2
讲台,2
我喜欢,2
16,2
初中,2
获,2
霹雳舞,2
备战,2
2024,2
巴黎,2
奥运会,2
三峡,2
集团,2
总部,2
迁回,2
武汉,2
超,2
5500,2
亿元,2
大礼包,2
中介,2
学区,2
房,2
名义,2
挂牌,2
二手房,2
抬高,2
报价,2
上海,2
价格,2
虚高,2
挤掉,2
300,2
水分,2
投资,2
客,2
淡出,2
儿子,2
卡,2
洗衣机,2
先拍,2
拉,2
不出来,2
119,2
第三次,2
晋级,2
决赛,2
今晚,2
冲击,2
误食,2
烧碱,2
瘦,2
20,2
斤,2
后续,2
修复,2
治疗,2
南宁,2
新增,2
感染者,2
期满,2
核酸,2
阴性,2
奇奇怪怪,2
增加了,2
丹顶鹤,2
丹顶,2
是由,2
脱发,2
追哭,2
瘾君子,2
凡尔赛,2
式,2
发言,2
 ,2
慢点,2
慢慢,2
耗,2
体力,2
米,2
隆鼻,2
鼻孔,2
歪了,2
抬头,2
发布,2
节电,2
倡议书,2
倡议,2
层,2
办公楼,2
停用,2
电梯,2
王曼昱,2
车晓曦,2
全运,2
"女双
",2
你好吗,2
北北,2
新来,2
马上就要,2
适应期,2
前提,2
没有呢,2
关键,2
哪敢,2
北店,2
"嘉园
",2
周末,2
排班,2
值班,2
不算,2
国庆,2
平时,2
国家规定,2
三倍,2
扣掉,2
当天,2
工资的,2
70,2
见过,2
不要脸的,2
"没见过
",2
"养
",2
昨天,2
还跟,2
室友,2
同龄,2
可不就是,2
理儿,2
读了,2
那么多年,2
学,2
好不容易,2
考了,2
大学,2
找了,2
份,2
不错,2
就给,2
终点,2
遇到过,2
前前,2
组员,2
打掉,2
奶奶,2
"腿
",2
听,2
主管,2
方案,2
四个,2
"为难
",2
转,2
人民日报,2
"职场
",2
"都不敢
",2
要生,2
"打一架
",2
我也是,2
"宝鸡
",2
损害,2
还不是一样,2
力,2
高高在上,2
动,2
爱动,2
福州,2
福清市,2
阳下镇,2
文化,2
"技术学校
",2
越来越少了,2
谈恋爱,2
"大可不必
",2
留给,2
普通老百姓,2
"生不起
",2
充满,2
新,2
园长,2
在今年,2
自行,2
等你,2
园,2
空缺,2
优先,2
这话,2
是一位,2
"公立
",2
乌鸡,2
鲅鱼,2
每日,2
五里河,2
"公园
",2
解决了,2
吃哑巴亏,2
"点赞
",2
是怎么,2
干,2
不喜欢,2
养,2
发脾气,2
这个世界,2
啥事,2
"💩
",2
热度,2
压过,2
网络,2
南方,2
"西北旺
",2
出手,2
严厉打击,2
慰藉,2
"肥城市
",2
等长,2
大力提倡,2
顶风作案,2
"大胆
",2
今年年初,2
在隔壁,2
陆续,2
起步,2
贴心,2
楼下,2
贴了,2
告示,2
抽烟,2
排斥,2
人不,2
"敢了
",2
趋势,2
发展下去,2
nxl,2
胜利,2
"出柜
",2
要把,2
邢台,2
什么时候才能,2
有把握,2
你怎么,2
能给,2
"生活
",2
"家庭
",2
be,2
seven,2
months,2
pregnant,2
maternity,2
leave,2
paternity,2
ask,2
sb,2
to,2
resign,2
销售人员,2
a,2
salesperson,2
sales,2
representative,2
资格,2
entitled,2
"sth
",2
男权,2
寸步难行,2
觉醒,2
主旋律,2
"不符
",2
丁克,2
明年,2
"跌
",2
又一,2
"保护
",2
生吗,2
"啧啧
",2
出道,2
就好像,2
狗屁,2
有几个,2
要紧,2
程序,2
折腾,2
流产,2
女方,2
自己也,2
回炉,2
重造,2
"母亲
",2
跟生,2
"至极
",2
什么都没,2
"重庆
",2
想起来,2
主管部门,2
出勤,2
全勤,2
休息,2
新入,2
首月,2
算作,2
"倒扣
",2
如果在,2
可以帮助,2
缓解,2
这也,2
过后,2
虚弱,2
或者是,2
危险,2
之下,2
好处,2
也更,2
要注意休息,2
强迫,2
这样才能,2
"孩子的
",2
app,2
随便,2
写,2
有得,2
"没写
",2
"一胎
",2
"我们了
",2
"另当别论
",2
他妈,2
过份,2
"帝国主义
",2
意志,2
决心,2
挑战,2
当作,2
历练,2
忙碌,2
生活中,2
难题,2
"馈赠
",2
笑得,2
哪位,2
想生,2
就连,2
拜托,2
个多月,2
你当,2
所有人,2
"眼瞎
",2
要人,2
总得,2
饭都,2
"累赘
",2
我就是,2
女权,2
biao,2
so,2
有什么,2
不怪,2
暴雨,2
命大,2
"瞎子
",2
纠纷,2
HR,2
专业,2
形势,2
所迫,2
"知法犯法
",2
"又当
",2
坐着,2
就行,2
啧啧啧,2
这不,2
打入冷宫,2
曲线,2
用得,2
"拙劣
",2
"nan
",2
和女,2
之间,2
形成了,2
微妙,2
状态,2
少女,2
相关法律,2
最现实,2
用人,2
场上,2
依旧,2
隐性,2
直呼,2
太不,2
友善,2
女网友,2
一言难尽,2
啥时候,2
"石家庄
",2
的事件,2
一而再再而三,2
值得,2
深思,2
很多很多,2
报道,2
极个别,2
事件,2
委屈,2
苦衷,2
谴责,2
人性,2
法律手段,2
具体分析,2
慈善事业,2
创造价值,2
利润,2
特别是在,2
民营企业,2
一个萝卜一个坑,2
贴钱,2
掂量掂量,2
"越来越大了
",2
嗖,2
榜上,2
"不见了
",2
痛点,2
破,2
规则,2
漏洞,2
上岗,2
毕竟是,2
又会,2
这两个,2
是有,2
你觉得,2
该如何,2
求助,2
肯定,2
全胜,2
云中,2
漫步,2
原创,2
诗画,2
大龄,2
女权主义,2
很火,2
出生,2
生理,2
还有很多,2
社会问题,2
我就,2
"缺德
",2
只能在,2
摘掉,2
"志向
",2
我靠,2
是在,2
"干什么
",2
了三,2
实施,2
太高,2
因素,2
风险,2
双职工,2
生育力,2
人群,2
8090,2
一批,2
计划生育,2
山大,2
就更,2
物质,2
抓好,2
"软性
",2
"少
",2
各行各业,2
生殖,2
"中肯
",2
"不想
",2
都难,2
拒之门外,2
更别说,2
交五险,2
你说什么,2
"信
",2
个球,2
无理,2
"辞退
",2
尽义务,2
增,2
后代,2
shi,2
"小技巧
",2
采访,2
流程,2
暴露了,2
土鳖,2
不清楚,2
大了,2
改口,2
为你,2
最佳,2
"武器
",2
"系列
",2
在当今,2
zf,2
东西,2
落实了,2
去说,2
活着,2
物质基础,2
做好,2
上层建筑,2
就别,2
意图,2
高知,2
收,2
三台,2
那不好意思,2
"打扰了
",2
防,2
小三,2
婆媳关系,2
照顾好,2
还不能,2
出错,2
要在,2
"社会生活
",2
时代,2
搜降,2
挺快,2
刚不,2
强制性,2
如数,2
返还,2
这是什么,2
"小作坊
",2
逐利性,2
协调好,2
二者,2
"降低
",2
okok,2
梦里,2
结扎,2
绝育,2
也已,2
上锁,2
"🔒
",2
在备,2
我都不知道,2
该不该,2
干了,2
没法,2
真当,2
一想到,2
有可能,2
会生,2
招女,2
"好难
",2
实在是,2
叹为观止,2
说法,2
纷纷,2
认,2
怂,2
怕累,2
听起来,2
好心好意,2
结论,2
解除劳动关系,2
坏,2
试用期,2
没有任何理由,2
39,2
依然,2
管用,2
在实践中,2
强行,2
规章,2
解除合同,2
必输,2
官司,2
直至,2
结束,2
也得,2
想用,2
一笔,2
违约金,2
工作会,2
平均,2
薪水,2
挂钩,2
生活,2
市,2
社会保障局,2
最低,2
标准计,2
求职,2
超级,2
这笔钱,2
离谱,2
内容,2
换岗,2
但事实上,2
无权,2
单方面,2
地点,2
第三十五条,2
协商一致,2
变更,2
合同约定,2
书面形式,2
不仅如此,2
胜任,2
应予以,2
工作时间,2
2012,2
第六条,2
第三款,2
玩阴,2
气走,2
真让人,2
头痛,2
别气,2
不好了,2
医生,2
事实,2
头疼,2
病假单,2
去补,2
开到,2
佩服,2
再入,2
抗,2
顶风,2
重罚,2
以示,2
惩戒,2
不在少数,2
「,2
如果没有,2
相当于,2
很清楚,2
清掉,2
赶不走,2
额外,2
期待,2
铁拳,2
出击,2
挺有意思的,2
不先,2
先是,2
她自己,2
"才是
",2
不易,2
"如之奈何
",2
回答,2
犀利,2
最好的,2
方式,2
善待,2
回报,2
你对,2
当你,2
成天,2
小九九,2
苛刻,2
报应,2
"是从
",2
影视剧,2
爆姐,2
就问,2
你敢,2
"脱节
",2
教给,2
瞬间,2
尿裤,2
这些问题,2
一两天,2
睁着眼,2
装,2
瞎子,2
利用,2
面上,2
一套,2
暗里,2
出个,2
一律,2
"死刑
",2
令人寒心,2
就这么,2
马儿跑,2
马,2
吃草,2
越多,2
可以直接,2
"退出
",2
嚯,2
"恐育
",2
"男女平等
",2
"屌
",2
产前,2
"敢生
",2
闷头,2
无才,2
便是,2
德,2
"的时代
",2
坚定,2
念头,2
"🐎
",2
唯独,2
少了,2
"孕妇
",2
保障措施,2
也没,2
到位,2
又对,2
带有,2
挣钱,2
分担,2
谁会,2
很有可能,2
"停滞不前
",2
这个月,2
吐,2
得人,2
模鬼样,2
抽血,2
抽了,2
次假,2
上午,2
下午,2
被动,2
有时候,2
会有,2
工龄,2
14,2
17,2
日子,2
一直没,2
用于,2
"日记
",2
全招,2
"算了
",2
"后续
",2
博主,2
投稿,2
被拒,2
惨,2
收到,2
offer,2
通知,2
她了,2
大兴,2
"国际机场
",2
"上锁
",2
讲实话,2
需求,2
1.,2
打算,2
近两年,2
2.,2
3.,2
4.,2
5.35,2
6.,2
当女,2
早点,2
跟他,2
奋斗,2
养家,2
希望你能,2
不说了,2
抠,2
糖,2
"赚钱了
",2
绝了说,2
"出书
",2
女人们,2
去生,2
制造,2
各种各样,2
口头,2
"有什么
",2
几率,2
各占,2
更美好,2
qj,2
案会,2
"少很多
",2
额,2
中秋节,2
想想,2
我还是,2
幸福,2
218,2
每个月,2
嘉奖,2
到账,2
"气
",2
懂,2
婚,2
"不育
",2
不能少,2
"好吧
",2
真是太,2
石头,2
蹦出来,2
欺负,2
真够,2
恶的,2
当牛做马,2
不需要,2
把人,2
赶走,2
TM,2
吸,2
"人虫
",2
付钱,2
不从,2
不行,2
永远都是,2
受苦,2
也很,2
难呀,2
付,2
谁主张,2
"付款
",2
明文,2
写着,2
也请,2
维护好,2
结婚了吗,2
几岁了,2
秒懂,2
千面娇娃,2
光彩照人,2
出得,2
厅堂,2
入得,2
厨房,2
勇猛,2
独当,2
多面,2
等待,2
"发掘
",2
就多,2
不满意,2
故事,2
涉及,2
隐私,2
应聘,2
探,2
店主,2
播,2
负责,2
出镜,2
美食,2
类抖,2
音视频,2
没多久,2
捞,2
走了,2
红包,2
办公室,2
含沙射影,2
抠门,2
人才,2
包了,2
她不,2
到连,2
伴手,2
礼,2
缺斤少两,2
吃油,2
辣,2
拍摄,2
文职,2
陪着,2
调整,2
自愿,2
承担了,2
part,2
并给,2
她却,2
工作量,2
增大,2
经常吃,2
垃圾食品,2
探店,2
更差,2
前期,2
外出,2
兼职,2
摆地摊,2
查出,2
不稳,2
请了,2
人道,2
扣工资,2
在外面,2
放风筝,2
弯弯绕,2
绕,2
多提,2
因为她,2
很多次,2
嚼舌根,2
不愉快,2
争执,2
说过,2
默默,2
忍受,2
阵子,2
早产,2
保温箱,2
拆分,2
开来,2
出了,2
这意味着,2
将会,2
被打乱,2
且是,2
打乱,2
规模,2
以获取,2
亲口说,2
却没有,2
尽到,2
职责,2
道理,2
同情,2
个个,2
对她,2
避,2
不及,2
是世界上,2
顶顶,2
"名声
",2
自制,2
基本权利,2
医疗机构,2
适应的,2
这一点,2
忽视,2
掉吧,2
一定的,2
休息时间,2
应当由,2
县级以上,2
人民政府,2
社会保障,2
行政部门,2
责令,2
限期改正,2
侵害,2
每人,2
1000,2
元,2
标准,2
计算,2
处以,2
罚款,2
承诺,2
谁能,2
"受得了
",2
更何况,2
"怀孕的
",2
法姐,2
讲法,2
不知,2
有没有,2
屡见不鲜,2
今日说法,2
民法典,2
法条,2
四川,2
监狱,2
曲靖,2
检察,2
via,2
子,2
合规,2
"不合法
",2
受害者,2
时会,2
假设,2
支出,2
能以,2
减税,2
等形式,2
一视同仁,2
最符合,2
"利益
",2
只能说,2
"残酷
",2
严查,2
投诉,2
受理,2
"门槛
",2
意愿,2
眼睛,2
"🙂
",2
"破
",2
做贡献,2
高管,2
一位,2
字节,2
总监,2
告诉我,2
睡觉,2
残酷,2
现状,2
与生活,2
职业生涯,2
灵活,2
总比,2
还有什么,2
"好办法
",2
举一反三,2
大家注意,2
挂靠,2
为什么是,2
第三方,2
自在,2
人心,2
远远,2
其本质,2
工人,2
不正常,2
却很,2
电话,2
停工,2
停产,2
居家,2
复岗,2
软硬兼施,2
职级,2
你可以,2
硬刚,2
赢,2
单是,2
排挤,2
边缘,2
很难受,2
下岗,2
再就业,2
违,2
F,2
太低,2
维,2
Q,2
道路,2
狠,2
算算账,2
不划算,2
那么多钱,2
次顶,2
配,2
v,2
"给你
",2
典型,2
只要是,2
包括,2
涉嫌,2
这件事,2
有了,2
懂得,2
此前,2
"操作方式
",2
工作者,2
个例,2
不予,2
无非,2
经营,2
缺乏,2
看待,2
起告,2
倡导,2
口号,2
各个方面,2
观察,2
回归,2
我有个,2
不成熟,2
的小,2
企业经营,2
资料,2
出生证明,2
可以享受,2
税务,2
也许,2
招收,2
多一些,2
包容,2
想法,2
开通,2
线上,2
十分必要,2
尝试,2
更快,2
职位,2
保留,2
国情,2
不像,2
实实在在,2
多好,2
"改变
",2
我看,2
"没用
",2
像是,2
牲口,2
既得利益者,2
从来不,2
到底是不是,2
意义上,2
大嘴,2
大手,2
挥,2
多少人,2
"操心
",2
有个,2
三年生,2
全额,2
也算,2
仁慈,2
可不,2
乐意,2
"解决方案
",2
房贷,2
车贷,2
省出来,2
不交,2
非要,2
抠搜,2
不把,2
人看,2
"滚
",2
妇女权益保障法,2
第二十七条,2
单方,2
解除,2
服务协议,2
第二十九条,2
违纪,2
失职,2
依法追究,2
刑事责任,2
解除劳动合同,2
履行合同,2
并可,2
合同解除,2
劳动关系,2
之日,2
应当按照,2
经济补偿,2
两倍,2
来源,2
日报,2
"课堂
",2
中国特色,2
在欧美,2
被告,2
成都,2
"高新区
",2
陪同,2
成长,2
同等,2
头,2
铁,2
法盲,2
主动权,2
按规定,2
拿钱,2
走人,2
继续履行,2
就不能,2
也不行,2
算盘,2
打的,2
精,2
安顿好,2
想来,2
侵占,2
好说,2
我笑了,2
"越来越少
",2
发工资,2
谁愿意,2
"毛病
",2
向往,2
重影,2
分身,2
之术,2
"结婚生子
",2
人格,2
母乳喂养,2
当个,2
媳妇,2
好老婆,2
一个女人,2
人生的,2
意义,2
是什么,2
燃烧,2
奉献,2
"自己吗
",2
凭啥,2
不就,2
等于,2
时段,2
无休,2
人干,2
俩,2
活吗,2
不让,2
剥夺,2
争点,2
倒逼,2
人造,2
问世,2
卡在,2
境地,2
试问,2
"经历过
",2
别怪,2
卷了,2
操蛋,2
"魔幻
",2
搞笑,2
会很,2
就这样吧,2
保平安,2
好多,2
公司招聘,2
25,2
45,2
她在,2
完成了,2
"生育
",2
"nm
",2
严厉,2
得不偿失,2
是一种,2
缺德,2
大政方针,2
不相符,2
多少钱,2
"太不
",2
阻止,2
规范,2
"六安
",2
公司法人,2
"法盲
",2
社会上,2
担惊受怕,2
丢掉,2
铁饭碗,2
人身安全,2
豆瓣,2
hr,2
97,2
"00
",2
配偶,2
担负,2
这样的话,2
亏,2
"报销
",2
"我养你
",2
双休,2
"社保
",2
蛤,2
"不明白
",2
"有病
",2
好恶心,2
"过分
",2
傻子,2
离找,2
女朋友,2
的愿望,2
又远,2
"一步
",2
然后又,2
不爱,2
"女生
",2
转到了,2
男方,2
苦,2
"我笑了
",2
哈哈哈哈,2
"怎么说
",2
格局,2
太小,2
注定,2
"做
",2
查查,2
明目张胆,2
对着干,2
无视,2
现如今,2
杀鸡儆猴,2
大问题,2
结束了,2
给我发,2
无处,2
"维权
",2
好想,2
就我,2
招来,2
93,2
91,2
小姐姐,2
外地,2
闯荡,2
安定,2
跟男朋友,2
没上,2
护理部,2
之内,2
"子
",2
下降,2
电视剧,2
达成,2
和解,2
保护了,2
立法,2
实践中,2
这是事实,2
下大力气,2
普法宣传,2
监督,2
惩治,2
以确保,2
应有,2
"公开课
",2
言论,2
"嘴里
",2
一点也不,2
"人性化
",2
双标,2
"🙅
",2
压箱底,2
"图
",2
却以,2
旷工,2
状况,2
持续,2
多久,2
我会,2
仅仅是,2
"工具
",2
我以前,2
调,2
的同事,2
外勤,2
部,2
"销售
",2
祖宗,2
好吃懒做,2
忙,2
叫她,2
干点,2
发牢骚,2
死光,2
要她,2
"做事
",2
管管,2
几胎,2
简单,2
背后,2
断缴,2
领取,2
报销,2
住院费用,2
承受,2
犹豫了,2
很久很久,2
要不要,2
减小,2
人性化,2
怕你,2
累着,2
辛苦了,2
即使你,2
交接,2
工作了,2
分给,2
废话,2
"严肃处理
",2
勾起,2
2019,2
养老,2
回忆,2
财务,2
我的身体,2
不适合,2
我向来,2
身体健康,2
"工作啊
",2
"吃亏
",2
你做,2
对吗,2
"女职员
",2
让我们,2
MD,2
还让,2
这么多,2
记得,2
"搜
",2
理所应当,2
洗衣,2
做饭,2
生生,2
真敢,2
"话语权
",2
"崩溃了
",2
每次,2
内心,2
纠结,2
弱化,2
魔改,2
流量,2
侧重点,2
所作所为,2
他觉得,2
他不,2
不合理,2
明明,2
是一个,2
劳工,2
每一个,2
编制,2
这个人,2
多方,2
数以千万计,2
金都,2
不全,2
有的人,2
绩效,2
奖励,2
没关,2
想都别想,2
主要功能,2
是用来,2
顶替,2
都行,2
外包,2
照做,2
一切都,2
十恶不赦,2
重点,2
不公,2
累不累,2
给他们,2
挑不起,2
民众,2
那不,2
有多少,2
闲,2
打仗,2
反复,2
一遍,2
遍,2
明天,2
变,2
过瘾,2
西安,2
拖出,2
那个女,2
个女,2
是那个,2
才有,2
这批,2
人站,2
大妈,2
发声,2
素质,2
扰乱,2
公共,2
治安,2
拖出去,2
拍手叫好,2
拘留,2
拍手称快,2
带着,2
偏,2
模糊,2
清一色,2
管理人员,2
乘客,2
连他,2
央视,2
尽量多,2
公共服务,2
相配套,2
支撑,2
富人,2
"去生
",2
不履行,2
"北京
",2
"回去了
",2
"恐怖
",2
很想,2
沉默,2
男人们,2
我看见,2
结了婚,2
面对,2
有没有想过,2
"想法
",2
但有些,2
社会关系,2
待在家里,2
赏赐,2
的那,2
点钱,2
过日子,2
一辈子都,2
活活,2
困,2
家,2
"里
",2
谈何,2
达,2
咩,2
🙅,2
了自己,2
还行,2
渣,2
你吃,2
"有苦说不出
",2
比比皆是,2
"临沂
",2
难办,2
非正式,2
不可能,2
知道她是,2
关键时刻,2
和渣,2
无疑,2
工作效率,2
"酌情处理
",2
"面临
",2
新规,2
广东人,2
日起,2
施行,2
广东省,2
多胞胎,2
婴儿,2
未满,2
妊娠,2
42,2
计,2
75,2
现行,2
相比,2
细分,2
是说,2
女职员,2
连续三年,2
又给,2
休满,2
嫖,2
就上,2
1818,2
黄金眼,2
哪家,2
成了,2
社会新闻,2
无事,2
生事,2
不可调和,2
像这样,2
板块,2
谈资,2
说实在的,2
当事,2
都挺,2
"很开心
",2
"可怕
",2
难难,2
"武汉
",2
你都,2
给我,2
"为啥
",2
我一直,1
ac,1
han,1
b,1
